run,exit_code
g0_nopeer,0
g0_peer,0
g0b_latency_all2all,0
g1_nvprof_p01_Q8_n36,0
g1_nvprof_p01_Q8_n4,0
g1_nvprof_p01_XL_n36,0
g1_nvprof_p01_XL_n4,0
g1_nvprof_p12_Q8_n36,0
g1_nvprof_p12_Q8_n4,0
g1_nvprof_p12_XL_n36,0
g1_nvprof_p12_XL_n4,0
g1_nvprof_tp3_Q8_n36,0
g1_nvprof_tp3_Q8_n4,0
g1_nvprof_tp3_XL_n36,0
g1_nvprof_tp3_XL_n4,0
g1_tg512_p01_Q8_r1,0
g1_tg512_p01_Q8_r2,0
g1_tg512_p01_XL_r1,0
g1_tg512_p01_XL_r2,0
g1_tg512_p12_Q8_r1,0
g1_tg512_p12_Q8_r2,0
g1_tg512_p12_XL_r1,0
g1_tg512_p12_XL_r2,0
g1_tg512_tp3_Q8_r1,0
g1_tg512_tp3_Q8_r2,0
g1_tg512_tp3_XL_r1,0
g1_tg512_tp3_XL_r2,0
g2_nvprof_d16384_p12_XL,0
g2_nvprof_d16384_tp3_Q8,0
g2_nvprof_d16384_tp3_XL,0
g2_nvprof_d65536_tp3_Q8,0
g2_nvprof_d65536_tp3_XL,0
g2_pp2048_d0_p01_Q8,0
g2_pp2048_d0_p01_XL,0
g2_pp2048_d0_p12_Q8,0
g2_pp2048_d0_p12_XL,0
g2_pp2048_d0_tp3_Q8,0
g2_pp2048_d0_tp3_XL,0
g2_pp2048_d16384_p01_Q8,0
g2_pp2048_d16384_p01_XL,0
g2_pp2048_d16384_p12_Q8,0
g2_pp2048_d16384_p12_XL,0
g2_pp2048_d16384_tp3_Q8,0
g2_pp2048_d16384_tp3_XL,0
g2_pp2048_d65536_p01_Q8,139
g2_pp2048_d65536_p01_XL,0
g2_pp2048_d65536_p12_Q8,139
g2_pp2048_d65536_p12_XL,0
g2_pp2048_d65536_tp3_Q8,0
g2_pp2048_d65536_tp3_XL,0
g3_opprof_pp5_tp3_Q8,0
g3_opprof_pp5_tp3_XL,0
g3_opprof_tg64_tp3_Q8,0
g3_opprof_tg64_tp3_XL,0
g4_pp16384_layer_Q8,137
g4_pp16384_layer_XL,0
g4_pp16384_tensor_Q8,0
g4_pp16384_tensor_XL,0
g4_pp2048_layer_Q8,0
g4_pp2048_layer_XL,0
g4_pp2048_tensor_Q8,0
g4_pp2048_tensor_XL,0
g4_pp512_layer_Q8,0
g4_pp512_layer_XL,0
g4_pp512_tensor_Q8,0
g4_pp512_tensor_XL,0
g4_pp65536_layer_Q8,0
g4_pp65536_layer_XL,0
g4_pp65536_tensor_Q8,0
g4_pp65536_tensor_XL,0
g4_tg512_layer_Q8,0
g4_tg512_layer_XL,0
g4_tg512_tensor_Q8,0
g4_tg512_tensor_XL,0
