run,gpu,samples_1hz,peak_temp_c,mean_util_pct,median_sm_mhz_busy,min_sm_mhz_busy,mean_power_w_busy
g0_nopeer,0,7,41,53.3,1328,1328,37.6
g0_nopeer,1,7,49,53,1328,1328,39.2
g0_nopeer,2,7,49,53.1,1328,1328,41.7
g0_peer,0,17,40,27.6,1328,1328,40.8
g0_peer,1,17,49,29.9,1328,1328,40.8
g0_peer,2,17,49,24.1,1328,1316,43.2
g0b_latency_all2all,0,4,42,15,1328,1328,36.8
g0b_latency_all2all,1,4,50,22.8,1328,1328,38.2
g0b_latency_all2all,2,4,49,10.8,,,
g1_tg512_p01_Q8_r1,0,283,53,24.5,1075,1050,120.5
g1_tg512_p01_Q8_r1,1,283,60,24.6,1075,1037,118.7
g1_tg512_p01_Q8_r1,2,283,39,0,,,
g1_tg512_p01_Q8_r2,0,272,54,25.4,1075,1050,123.1
g1_tg512_p01_Q8_r2,1,272,61,25.5,1075,1063,120.9
g1_tg512_p01_Q8_r2,2,272,38,0,,,
g1_tg512_p01_XL_r1,0,243,50,25.3,1088,1063,122.4
g1_tg512_p01_XL_r1,1,243,59,25.7,1088,1063,119.9
g1_tg512_p01_XL_r1,2,243,49,0,,,
g1_tg512_p01_XL_r2,0,248,53,25.0,1088,1050,119.7
g1_tg512_p01_XL_r2,1,248,60,25.2,1088,1063,117.3
g1_tg512_p01_XL_r2,2,248,39,0,,,
g1_tg512_p12_Q8_r1,0,285,36,0,,,
g1_tg512_p12_Q8_r1,1,285,60,24.1,1088,1063,117.9
g1_tg512_p12_Q8_r1,2,285,59,24.4,1050,1012,118.4
g1_tg512_p12_Q8_r2,0,282,43,0,,,
g1_tg512_p12_Q8_r2,1,282,61,24.0,1075,1063,118.7
g1_tg512_p12_Q8_r2,2,282,57,24.6,1075,1037,118.7
g1_tg512_p12_XL_r1,0,249,42,0,,,
g1_tg512_p12_XL_r1,1,249,65,24.7,1088,1050,119.0
g1_tg512_p12_XL_r1,2,249,63,25.6,1037,1012,118.0
g1_tg512_p12_XL_r2,0,242,33,0,,,
g1_tg512_p12_XL_r2,1,242,60,25.7,1088,1063,116.4
g1_tg512_p12_XL_r2,2,242,58,26.0,1075,1050,115.5
g1_tg512_tp3_Q8_r1,0,281,57,16.7,1303,1252,117.3
g1_tg512_tp3_Q8_r1,1,281,64,16.0,1290,1252,114.0
g1_tg512_tp3_Q8_r1,2,281,63,16.3,1258,1227,111.2
g1_tg512_tp3_Q8_r2,0,284,51,16.0,1316,1290,119.5
g1_tg512_tp3_Q8_r2,1,284,60,15.8,1316,1290,119.1
g1_tg512_tp3_Q8_r2,2,284,58,15.5,1303,1265,118.6
g1_tg512_tp3_XL_r1,0,240,56,17.8,1328,1303,115.0
g1_tg512_tp3_XL_r1,1,240,63,17.3,1328,1290,112.7
g1_tg512_tp3_XL_r1,2,240,63,16.9,1316,1265,114.0
g1_tg512_tp3_XL_r2,0,258,52,16.5,1328,1303,113.6
g1_tg512_tp3_XL_r2,1,258,60,16.1,1328,1316,113.9
g1_tg512_tp3_XL_r2,2,258,58,15.8,1328,1290,114.2
g2_pp2048_d0_p01_Q8,0,236,45,9.6,1113,1075,114.7
g2_pp2048_d0_p01_Q8,1,236,53,9.6,1101,1075,114.0
g2_pp2048_d0_p01_Q8,2,236,41,0,,,
g2_pp2048_d0_p01_XL,0,193,44,11.5,1101,1088,114.8
g2_pp2048_d0_p01_XL,1,193,54,11.7,1107,1075,113.1
g2_pp2048_d0_p01_XL,2,193,48,0,,,
g2_pp2048_d0_p12_Q8,0,228,41,0,,,
g2_pp2048_d0_p12_Q8,1,228,53,9.7,1126,1088,117.0
g2_pp2048_d0_p12_Q8,2,228,52,9.6,1126,1101,115.8
g2_pp2048_d0_p12_XL,0,206,35,0,,,
g2_pp2048_d0_p12_XL,1,206,54,10.1,1113,1075,113.3
g2_pp2048_d0_p12_XL,2,206,52,10.4,1126,1088,112.0
g2_pp2048_d0_tp3_Q8,0,250,43,11.3,1227,1151,83.6
g2_pp2048_d0_tp3_Q8,1,250,51,5.9,1234,1202,126.1
g2_pp2048_d0_tp3_Q8,2,250,49,6.0,1196,1189,53.6
g2_pp2048_d0_tp3_XL,0,226,42,12.5,1215,1164,82.2
g2_pp2048_d0_tp3_XL,1,226,50,6.4,1228,1177,63.6
g2_pp2048_d0_tp3_XL,2,226,48,6.4,1208,1202,52.0
g2_pp2048_d16384_p01_Q8,0,345,52,18.1,1101,1075,118.9
g2_pp2048_d16384_p01_Q8,1,345,59,18.3,1113,1075,118.6
g2_pp2048_d16384_p01_Q8,2,345,48,0,,,
g2_pp2048_d16384_p01_XL,0,338,52,18.1,1101,1063,122.5
g2_pp2048_d16384_p01_XL,1,338,59,18.2,1101,1075,119.1
g2_pp2048_d16384_p01_XL,2,338,39,0,,,
g2_pp2048_d16384_p12_Q8,0,647,34,0,,,
g2_pp2048_d16384_p12_Q8,1,647,59,9.6,1113,1075,119.7
g2_pp2048_d16384_p12_Q8,2,647,57,9.7,1113,1088,116.0
g2_pp2048_d16384_p12_XL,0,365,42,0,,,
g2_pp2048_d16384_p12_XL,1,365,60,17.2,1101,1063,115.6
g2_pp2048_d16384_p12_XL,2,365,58,17.0,1101,1025,115.4
g2_pp2048_d16384_tp3_Q8,0,296,47,28.4,1202,1139,79.4
g2_pp2048_d16384_tp3_Q8,1,296,55,14.7,1202,1189,68.4
g2_pp2048_d16384_tp3_Q8,2,296,52,14.8,1189,1139,76.1
g2_pp2048_d16384_tp3_XL,0,282,48,29.9,1202,1101,79.1
g2_pp2048_d16384_tp3_XL,1,282,55,15.5,1189,1126,72.8
g2_pp2048_d16384_tp3_XL,2,282,53,15.5,1189,1189,72.0
g2_pp2048_d65536_p01_Q8,0,250,42,1.4,1328,1328,37.9
g2_pp2048_d65536_p01_Q8,1,250,50,1.4,1328,1328,39.8
g2_pp2048_d65536_p01_Q8,2,250,40,0,,,
g2_pp2048_d65536_p01_XL,0,402,60,52.3,1088,1037,121.9
g2_pp2048_d65536_p01_XL,1,402,67,53.2,1075,1012,118.7
g2_pp2048_d65536_p01_XL,2,402,49,0,,,
g2_pp2048_d65536_p12_Q8,0,240,42,0,,,
g2_pp2048_d65536_p12_Q8,1,240,50,1.2,1316,1316,38.4
g2_pp2048_d65536_p12_Q8,2,240,49,1.3,1316,1316,40.2
g2_pp2048_d65536_p12_XL,0,423,35,0,,,
g2_pp2048_d65536_p12_XL,1,423,66,50.6,1088,1037,117.9
g2_pp2048_d65536_p12_XL,2,423,64,50.9,1075,1012,117.1
g2_pp2048_d65536_tp3_Q8,0,539,52,49.7,1189,1088,84.6
g2_pp2048_d65536_tp3_Q8,1,539,60,27.1,1189,1088,77.4
g2_pp2048_d65536_tp3_Q8,2,539,58,27.1,1189,1037,80.2
g2_pp2048_d65536_tp3_XL,0,525,51,50.5,1202,1075,80.1
g2_pp2048_d65536_tp3_XL,1,525,58,27.3,1189,1088,80.6
g2_pp2048_d65536_tp3_XL,2,525,56,27.9,1189,1088,76.7
g3_opprof_pp5_tp3_Q8,0,215,38,1.4,,,
g3_opprof_pp5_tp3_Q8,1,215,46,1.2,,,
g3_opprof_pp5_tp3_Q8,2,215,44,1.5,,,
g3_opprof_pp5_tp3_XL,0,180,39,1.3,,,
g3_opprof_pp5_tp3_XL,1,180,47,1.4,,,
g3_opprof_pp5_tp3_XL,2,180,46,1.3,,,
g3_opprof_tg64_tp3_Q8,0,224,39,1.8,,,
g3_opprof_tg64_tp3_Q8,1,224,46,1.8,,,
g3_opprof_tg64_tp3_Q8,2,224,45,1.6,,,
g3_opprof_tg64_tp3_XL,0,195,43,1.9,,,
g3_opprof_tg64_tp3_XL,1,195,50,1.8,,,
g3_opprof_tg64_tp3_XL,2,195,49,1.8,,,
g4_pp16384_layer_Q8,0,424,55,23.8,1050,974,120.9
g4_pp16384_layer_Q8,1,424,62,24.3,1050,974,118.1
g4_pp16384_layer_Q8,2,424,59,23.0,1050,974,115.2
g4_pp16384_layer_XL,0,475,55,21.4,1063,1012,121.8
g4_pp16384_layer_XL,1,475,62,21.5,1063,961,117.7
g4_pp16384_layer_XL,2,475,59,20.5,1050,949,115.1
g4_pp16384_tensor_XL,0,603,52,36.2,1215,1126,81.2
g4_pp16384_tensor_XL,1,603,59,18.4,1189,1151,79.2
g4_pp16384_tensor_XL,2,603,58,18.4,1189,1139,79.0
g4_pp2048_layer_Q8,0,459,44,3.0,1069,1012,108.8
g4_pp2048_layer_Q8,1,459,52,3.1,1063,974,107.0
g4_pp2048_layer_Q8,2,459,50,2.8,1056,974,118.6
g4_pp2048_layer_XL,0,247,45,5.5,1075,1037,116.4
g4_pp2048_layer_XL,1,247,52,5.3,1050,999,122.2
g4_pp2048_layer_XL,2,247,50,5.2,1050,974,119.4
g4_pp2048_tensor_Q8,0,296,43,9.5,1258,1189,73.6
g4_pp2048_tensor_Q8,1,296,51,5.0,1208,1189,65.6
g4_pp2048_tensor_Q8,2,296,50,5.0,1189,1189,35.5
g4_pp2048_tensor_XL,0,315,44,8.9,1215,1151,85.3
g4_pp2048_tensor_XL,1,315,51,4.7,1202,1189,60.6
g4_pp2048_tensor_XL,2,315,49,4.8,1258,1189,52.5
g4_pp512_layer_Q8,0,228,40,2.1,1101,1101,122.9
g4_pp512_layer_Q8,1,228,48,1.8,1126,1126,95.5
g4_pp512_layer_Q8,2,228,46,1.8,1151,1113,78.0
g4_pp512_layer_XL,0,289,41,1.7,1113,1101,100.7
g4_pp512_layer_XL,1,289,49,1.5,1120,1113,124.3
g4_pp512_layer_XL,2,289,48,1.8,1113,1113,99.7
g4_pp512_tensor_Q8,0,216,41,4.5,1328,1328,86.2
g4_pp512_tensor_Q8,1,216,49,2.7,1328,1328,38.9
g4_pp512_tensor_Q8,2,216,47,3.0,1328,1328,63.1
g4_pp512_tensor_XL,0,199,42,4.3,1328,1328,97.0
g4_pp512_tensor_XL,1,199,50,2.7,1328,1328,90.9
g4_pp512_tensor_XL,2,199,49,2.9,1328,1328,71.0
g4_pp65536_tensor_XL,0,1391,55,68.0,1189,1075,82.7
g4_pp65536_tensor_XL,1,1391,61,37.0,1189,1088,77.5
g4_pp65536_tensor_XL,2,1391,60,36.8,1189,1063,77.6
g4_tg512_layer_Q8,0,327,48,11.0,1316,1316,40.3
g4_tg512_layer_Q8,1,327,56,11.0,1316,1316,42.2
g4_tg512_layer_Q8,2,327,55,11.6,1316,1316,45.4
g4_tg512_layer_XL,0,272,48,11.4,,,
g4_tg512_layer_XL,1,272,55,11.2,,,
g4_tg512_layer_XL,2,272,55,13.0,,,
g4_tg512_tensor_Q8,0,269,54,17.4,1303,1278,115.4
g4_tg512_tensor_Q8,1,269,61,16.8,1303,1265,117.7
g4_tg512_tensor_Q8,2,269,59,16.7,1290,1252,115.4
g4_tg512_tensor_XL,0,261,52,16.5,1328,1278,115.7
g4_tg512_tensor_XL,1,261,59,15.9,1328,1303,114.2
g4_tg512_tensor_XL,2,261,58,15.8,1328,1290,113.7
