run,power_cap_reason_fraction_gpu0,power_cap_reason_fraction_gpu1,power_cap_reason_fraction_gpu2,mean_w_busy_gpu0,mean_w_busy_gpu1,mean_w_busy_gpu2,peak_w_gpu0,peak_w_gpu1,peak_w_gpu2,peak_temp_c_gpu0,peak_temp_c_gpu1,peak_temp_c_gpu2,median_sm_clock_mhz_gpu0,median_sm_clock_mhz_gpu1,median_sm_clock_mhz_gpu2,gpu_sum_mean_w_busy,cpu_package_mean_w_busy,gpu_plus_cpu_peak_w
i2_pp2048_d0_pl125_r1,0.5,0.25,0.529,104.8,116.0,111.2,135.2,150.6,151.5,46,48,43,1189.0,1189.0,1177.0,305.5,45.8,450.9
i2_pp2048_d0_pl125_r2,0.188,0.438,0.312,111.2,110.6,115.8,136.8,144.7,142.3,46,48,42,1189.0,1189.0,1189.0,337.6,44.4,442.0
i2_pp2048_d0_pl125_r3,0.294,0.353,0.294,104.7,104.7,105.9,139.4,141.9,132.7,45,47,43,1189.0,1189.0,1189.0,315.4,45.4,440.6
i2_pp2048_d0_pl150_r1,0.235,0.235,0.353,113.4,114.9,115.4,164.5,163.2,157.5,47,48,43,1278.0,1290.0,1265.0,343.7,45.4,482.1
i2_pp2048_d0_pl150_r2,0.4,0.133,0.333,118.4,124.8,126.4,150.2,159.7,160.9,48,49,45,1278.0,1265.0,1265.0,369.6,44.2,485.8
i2_pp2048_d0_pl175_r1,0.267,0.0,0.4,127.8,134.1,141.5,172.0,171.0,182.1,48,50,45,1328.0,1328.0,1316.0,403.5,44.5,543.3
i2_pp2048_d0_pl175_r2,0.0,0.2,0.133,129.3,136.9,141.5,159.0,181.2,176.9,48,50,44,1328.0,1328.0,1328.0,407.6,42.7,558.0
i2_pp2048_d16384_pl125_r1,0.46,0.36,0.32,107.1,103.9,111.5,142.1,147.3,147.4,50,52,48,1189.0,1189.0,1189.0,316.2,47.1,442.1
i2_pp2048_d16384_pl125_r2,0.308,0.288,0.28,105.4,103.7,106.7,137.9,140.3,142.2,51,53,48,1189.0,1189.0,1189.0,305.4,46.8,454.4
i2_pp2048_d16384_pl125_r3,0.392,0.3,0.412,110.5,110.4,109.3,136.8,145.8,138.6,51,53,48,1189.0,1189.0,1177.0,328.8,46.7,441.4
i2_pp2048_d16384_pl150_r1,0.271,0.271,0.347,125.9,127.0,122.4,161.5,164.0,165.8,53,54,49,1265.0,1278.0,1252.0,367.3,45.6,486.6
i2_pp2048_d16384_pl150_r2,0.383,0.234,0.367,120.8,120.7,126.7,163.6,159.7,161.2,52,54,50,1265.0,1265.0,1265.0,357.0,45.1,486.7
i2_pp2048_d16384_pl175_r1,0.13,0.152,0.234,137.6,133.3,136.3,179.7,176.8,186.6,55,57,52,1328.0,1328.0,1316.0,403.1,43.6,550.8
i2_pp2048_d16384_pl175_r2,0.128,0.239,0.222,143.2,146.6,144.3,181.7,180.0,184.9,55,57,53,1328.0,1322.0,1316.0,424.3,43.9,561.6
i2_tg512_pl125_r1,0.604,0.542,0.612,119.4,120.0,120.6,124.9,130.6,129.1,52,54,49,1202.0,1202.0,1189.0,356.7,44.3,423.3
i2_tg512_pl125_r2,0.604,0.667,0.604,120.8,121.7,122.8,125.2,127.9,128.7,52,54,49,1202.0,1202.0,1189.0,357.8,45.2,420.9
i2_tg512_pl125_r3,0.714,0.796,0.735,119.6,120.5,121.9,125.7,128.9,129.5,52,54,49,1202.0,1202.0,1189.0,354.7,44.8,421.1
i2_tg512_pl150_r1,0.391,0.667,0.696,142.8,146.6,144.8,152.7,156.4,153.7,55,57,52,1316.0,1316.0,1303.0,432.0,44.6,494.0
i2_tg512_pl150_r2,0.444,0.556,0.6,144.2,145.8,146.5,153.2,153.1,153.2,56,58,53,1316.0,1316.0,1303.0,427.1,44.7,499.5
i2_tg512_pl175_r1,0.0,0.0,0.023,162.7,167.1,166.4,171.0,175.9,178.4,57,59,54,1328.0,1328.0,1328.0,485.1,43.6,557.9
i2_tg512_pl175_r2,0.0,0.0,0.043,159.7,163.0,160.0,171.0,174.9,181.8,58,60,55,1328.0,1328.0,1328.0,482.8,42.7,559.7
