epoch,pwm2,fan1,fan2,fan3
1791001154,112,2596,675000,1520
1791001159,112,2561,450000,1515
1791001164,112,2556,675000,1518
1791001169,112,2528,675000,1528
1791001174,112,2576,675000,1528
1791001179,112,2561,675000,1528
1791001184,112,2571,675000,1527
1791001189,107,2528,450000,1448
1791001194,107,2586,450000,1453
1791001199,107,2586,675000,1464
1791001204,107,2556,675000,1465
1791001209,107,2537,450000,1456
1791001214,107,2542,450000,1454
1791001219,107,2551,450000,1470
1791001225,107,2596,450000,1470
1791001230,107,2566,675000,1459
1791001235,107,2532,675000,1464
1791001240,107,2561,450000,1472
1791001245,107,2513,675000,1475
1791001250,107,2561,675000,1457
1791001255,107,2551,450000,1454
1791001260,107,2523,450000,1453
1791001265,107,2606,450000,1470
1791001270,107,2586,450000,1459
1791001275,107,2591,450000,1472
1791001280,107,2576,675000,1477
1791001285,101,2571,270000,1386
1791001290,107,2596,675000,1451
1791001295,101,2571,450000,1386
1791001300,101,2537,675000,1393
1791001305,101,2504,450000,1391
1791001310,101,2571,675000,1409
1791001315,101,2566,450000,1410
1791001320,101,2542,675000,1409
1791001325,101,2601,675000,1396
1791001330,101,2678,675000,1413
1791001335,112,2606,450000,1527
1791001340,107,2518,675000,1475
1791001345,107,2537,450000,1467
1791001350,107,2689,675000,1450
1791001355,117,2556,450000,1546
1791001360,133,2611,450000,1728
1791001365,122,2616,675000,1603
1791001370,144,2616,675000,1821
1791001375,138,2616,450000,1783
1791001380,149,2626,450000,1925
1791001385,133,2626,450000,1755
1791001390,149,2652,270000,1920
1791001395,144,2657,450000,1851
1791001400,154,2662,270000,1912
1791001405,144,2631,450000,1834
1791001410,165,2636,270000,2076
1791001415,165,2689,450000,2064
1791001420,170,2700,270000,2106
1791001425,149,2626,675000,1904
1791001430,165,2673,270000,2005
1791001435,154,2641,450000,1936
1791001440,170,2641,270000,2093
1791001445,165,2673,450000,2067
1791001450,175,2673,675000,2191
1791001455,175,2667,450000,2184
1791001460,181,2700,675000,2231
1791001465,159,2621,675000,2008
1791001470,175,2694,675000,2160
1791001475,165,2700,450000,2112
1791001480,181,2694,675000,2191
1791001485,175,2760,270000,2170
1791001490,181,2616,270000,2209
1791001495,181,2683,450000,2242
1791001500,186,2705,450000,2295
1791001643,112,2586,675000,1503
1791001648,107,2591,675000,1439
1791001653,107,2576,675000,1459
1791001658,107,2586,675000,1464
1791001663,107,2566,675000,1464
1791001668,107,2586,675000,1465
1791001673,107,2528,450000,1470
1791001678,107,2581,450000,1457
1791001683,107,2581,675000,1465
1791001688,107,2601,675000,1468
1791001693,107,2537,675000,1470
1791001698,107,2596,675000,1468
1791001703,107,2542,675000,1457
1791001708,107,2513,450000,1467
1791001713,107,2528,675000,1451
1791001718,107,2571,675000,1468
1791001723,107,2601,450000,1461
1791001728,107,2611,675000,1453
1791001733,107,2621,450000,1453
1791001739,101,2542,450000,1381
1791001744,107,2532,675000,1462
1791001749,107,2566,675000,1453
1791001754,101,2518,450000,1394
1791001759,101,2547,450000,1397
1791001764,101,2571,675000,1409
1791001769,107,2509,675000,1478
1791001774,101,2547,450000,1401
1791001779,101,2500,675000,1394
1791001784,101,2547,270000,1410
1791001789,101,2547,450000,1396
1791001794,101,2586,675000,1393
1791001799,101,2523,450000,1409
1791001804,101,2571,450000,1404
1791001809,101,2566,450000,1397
1791001814,101,2528,675000,1390
1791001819,101,2596,450000,1398
1791001824,101,2581,675000,1410
1791001829,101,2621,675000,1415
1791001834,101,2576,450000,1407
1791001839,101,2513,450000,1410
1791001844,101,2547,450000,1406
1791001849,101,2547,675000,1397
1791001855,101,2513,675000,1400
1791001860,101,2528,450000,1396
1791001865,101,2581,450000,1398
1791001870,101,2581,675000,1412
1791001875,101,2551,450000,1401
1791001880,101,2586,675000,1410
1791001885,101,2591,450000,1409
1791001890,101,2561,675000,1388
1791001895,101,2523,675000,1410
1791001900,101,2532,675000,1398
1791001905,101,2509,675000,1409
1791001910,101,2547,675000,1397
1791001915,101,2551,675000,1407
1791001920,101,2566,450000,1406
1791001925,101,2532,675000,1396
1791001930,101,2518,270000,1409
1791001935,96,2523,450000,1337
1791001941,101,2561,675000,1416
1791001946,96,2551,675000,1336
1791001951,96,2513,675000,1356
1791001956,101,2523,675000,1419
1791001961,101,2551,450000,1412
1791001966,101,2547,675000,1396
1791001971,101,2523,450000,1393
1791001976,112,2652,675000,1542
1791001981,112,2601,450000,1527
1791001986,117,2591,450000,1582
1791001991,122,2596,675000,1620
1791001996,128,2576,450000,1693
1791002001,128,2626,675000,1674
1791002006,128,2586,450000,1672
1791002011,138,2581,675000,1814
1791002016,138,2601,675000,1792
1791002021,138,2621,450000,1792
1791002026,138,2626,675000,1778
1791002031,144,2641,450000,1831
1791002036,144,2673,675000,1869
1791002041,144,2700,675000,1844
1791002046,149,2716,675000,1914
1791002051,149,2647,675000,1898
1791002056,149,2657,450000,1898
1791002061,149,2667,450000,1893
1791002066,154,2636,675000,1973
1791002071,154,2732,450000,1953
1791002076,159,2710,450000,1994
1791002081,159,2710,270000,1988
1791002086,159,2700,450000,1994
1791002091,159,2657,675000,1994
1791002096,159,2683,675000,1994
1791002101,165,2667,675000,2089
1791002106,159,2732,450000,1997
1791002111,165,2705,675000,2070
1791002116,165,2673,450000,2073
1791002121,165,2700,675000,2076
1791002126,165,2705,675000,2064
1791002131,165,2678,270000,2086
1791002136,165,2732,675000,2045
1791002141,165,2732,270000,2080
1791002146,165,2705,270000,2064
1791002151,170,2710,675000,2119
1791002156,170,2727,675000,2132
1791002161,170,2694,675000,2129
1791002166,170,2743,450000,2109
1791002171,170,2673,450000,2106
1791002176,170,2732,675000,2102
1791002181,170,2689,270000,2125
1791002186,170,2689,675000,2119
1791002191,170,2732,675000,2129
1791002196,170,2689,675000,2112
1791002201,170,2743,270000,2122
1791002206,170,2694,675000,2093
1791002211,175,2721,675000,2173
1791002216,170,2683,270000,2112
1791002221,175,2743,675000,2173
1791002226,175,2755,270000,2163
1791002231,175,2700,675000,2177
1791002236,170,2727,270000,2129
1791002241,175,2683,270000,2163
1791002246,175,2727,450000,2177
1791002251,175,2716,450000,2180
1791002256,175,2721,270000,2173
1791002261,175,2689,270000,2180
1791002266,175,2689,675000,2156
1791002271,175,2705,675000,2180
1791002276,175,2749,675000,2177
1791002281,175,2716,450000,2173
1791002286,175,2727,675000,2188
1791002291,175,2732,270000,2180
1791002296,175,2721,450000,2166
1791002301,175,2705,450000,2166
1791002306,175,2727,675000,2163
1791002311,175,2683,270000,2184
1791002316,175,2727,675000,2149
1791002322,175,2678,675000,2188
1791002327,175,2738,450000,2156
1791002332,175,2738,450000,2173
1791002337,175,2689,450000,2160
1791002342,181,2689,192857,2238
1791002347,175,2694,270000,2170
1791002352,175,2743,675000,2156
1791002357,181,2727,450000,2242
1791002362,175,2716,675000,2184
1791002367,175,2732,270000,2163
1791002372,181,2755,675000,2231
1791002377,175,2766,675000,2195
1791002382,175,2716,675000,2195
1791002387,175,2755,150000,2180
1791002392,175,2800,675000,2160
1791002397,175,2795,270000,2184
1791002402,175,2766,270000,2188
1791002407,181,2789,270000,2209
1791002412,181,2766,675000,2231
1791002417,181,2789,675000,2216
1791002422,181,2749,450000,2227
1791002427,181,2800,675000,2250
1791002432,181,2743,450000,2235
1791002437,175,2789,450000,2195
1791002442,181,2766,450000,2195
1791002447,181,2755,270000,2213
1791002452,175,2766,675000,2213
1791002457,181,2800,675000,2209
1791002462,181,2743,675000,2238
1791002467,181,2766,270000,2213
1791002472,181,2806,270000,2220
1791002477,181,2783,675000,2227
1791002482,181,2812,270000,2235
1791002487,181,2818,675000,2250
1791002492,181,2760,270000,2231
1791002497,175,2760,450000,2246
1791002502,175,2800,675000,2180
1791002507,181,2755,270000,2184
1791002512,175,2789,675000,2209
1791002517,181,2795,270000,2177
1791002522,181,2789,675000,2227
1791002527,181,2795,270000,2227
1791002532,181,2738,270000,2216
1791002537,175,2716,450000,2220
1791002542,181,2789,270000,2170
1791002547,175,2749,675000,2246
1791002552,181,2806,675000,2170
1791002557,175,2806,675000,2246
1791002562,181,2727,270000,2173
1791002567,181,2749,270000,2227
1791002572,175,2795,270000,2238
1791002577,181,2789,675000,2170
1791002582,175,2772,675000,2242
1791002587,175,2772,675000,2177
1791002592,181,2755,450000,2166
1791002597,175,2772,450000,2250
1791002602,181,2749,675000,2170
1791002607,181,2705,450000,2224
1791002612,175,2727,450000,2261
1791002617,181,2721,450000,2173
1791002622,181,2760,450000,2250
1791002627,175,2727,270000,2235
1791002632,181,2749,675000,2166
1791002637,175,2772,450000,2227
1791002642,175,2749,675000,2156
1791002647,175,2777,450000,2180
1791002652,181,2710,270000,2235
1791002657,181,2755,675000,2227
1791002662,181,2830,450000,2257
1791002667,181,2800,270000,2227
1791002672,181,2795,675000,2250
1791002677,181,2755,270000,2250
1791002682,181,2818,450000,2242
1791002687,181,2824,270000,2250
1791002692,181,2772,270000,2250
1791002697,181,2772,675000,2220
1791002702,175,2806,675000,2160
1791002707,181,2795,675000,2250
1791002712,181,2777,450000,2253
1791002717,181,2777,675000,2242
1791002722,181,2806,675000,2242
1791002727,181,2800,675000,2257
1791002732,181,2749,675000,2224
1791002737,181,2700,450000,2235
1791002742,181,2789,450000,2216
1791002747,181,2812,675000,2216
1791002752,175,2766,270000,2166
1791002757,181,2777,270000,2235
1791002762,181,2842,270000,2246
1791002767,181,2795,450000,2231
1791002773,181,2812,270000,2253
1791002778,181,2755,675000,2224
1791002783,181,2755,675000,2231
1791002788,181,2772,450000,2238
1791002793,181,2766,675000,2246
1791002798,181,2842,675000,2216
1791002803,181,2812,450000,2220
1791002808,181,2766,270000,2246
1791002813,181,2732,270000,2227
1791002818,181,2760,675000,2220
1791002823,175,2777,675000,2177
1791002828,181,2760,450000,2250
1791002833,181,2783,270000,2242
1791002838,181,2766,675000,2235
1791002843,181,2743,270000,2231
1791002848,181,2732,675000,2238
1791002853,181,2727,675000,2224
1791002858,181,2806,450000,2224
1791002863,181,2766,675000,2224
1791002868,181,2812,270000,2238
1791002873,181,2795,675000,2231
1791002878,181,2806,675000,2242
1791002883,175,2772,270000,2163
1791002888,175,2800,675000,2166
1791002893,175,2812,270000,2180
1791002898,181,2812,270000,2238
1791002903,181,2795,675000,2238
1791002908,181,2800,450000,2246
1791002913,181,2783,270000,2242
1791002918,181,2789,675000,2246
1791002923,181,2806,450000,2242
1791002928,181,2755,192857,2224
1791002933,181,2783,192857,2224
1791002938,181,2772,270000,2253
1791002943,181,2789,675000,2250
1791002948,181,2812,192857,2238
1791002953,181,2772,192857,2250
1791002958,175,2824,675000,2173
1791002963,181,2806,270000,2257
1791002968,181,2824,450000,2242
1791002973,181,2824,675000,2231
1791002978,181,2830,675000,2246
1791002983,181,2777,270000,2250
1791002988,181,2812,675000,2246
1791002993,181,2795,270000,2213
1791002998,181,2818,675000,2216
1791003003,181,2812,675000,2261
1791003008,181,2766,675000,2261
1791003013,181,2818,270000,2250
1791003018,181,2760,675000,2231
1791003023,181,2866,675000,2216
1791003028,181,2777,675000,2224
1791003033,186,2830,270000,2284
1791003038,181,2830,675000,2238
1791003043,181,2795,450000,2227
1791003048,181,2830,450000,2231
1791003053,181,2777,675000,2253
1791003058,170,2743,675000,2093
1791003063,165,2700,450000,2048
1791003068,159,2755,675000,1988
1791003073,154,2727,675000,1945
1791003078,149,2749,675000,1909
1791003083,149,2738,450000,1912
1791003088,144,2710,450000,1836
1791003093,144,2760,450000,1851
1791003098,138,2749,450000,1792
1791003103,138,2738,450000,1797
1791003108,133,2738,675000,1735
1791003113,133,2721,675000,1739
1791003118,133,2683,675000,1721
1791003123,133,2727,450000,1732
1791003128,128,2673,675000,1670
1791003133,128,2667,450000,1666
1791003138,128,2647,675000,1670
1791003143,122,2689,675000,1634
