timestamp, index, temperature.gpu, clocks.current.sm [MHz], power.draw [W], utilization.gpu [%], memory.used [MiB]
2026/10/02 17:42:40.313, 0, 40, 1328 MHz, 36.51 W, 0 %, 0 MiB
2026/10/02 17:42:40.316, 1, 49, 1328 MHz, 38.16 W, 0 %, 0 MiB
2026/10/02 17:42:40.319, 2, 49, 1328 MHz, 40.46 W, 0 %, 0 MiB
2026/10/02 17:42:41.325, 0, 40, 1328 MHz, 37.93 W, 91 %, 389 MiB
2026/10/02 17:42:41.328, 1, 49, 1328 MHz, 39.12 W, 96 %, 389 MiB
2026/10/02 17:42:41.332, 2, 49, 1328 MHz, 40.47 W, 0 %, 389 MiB
2026/10/02 17:42:42.335, 0, 40, 1328 MHz, 37.72 W, 90 %, 389 MiB
2026/10/02 17:42:42.338, 1, 49, 1328 MHz, 38.19 W, 0 %, 389 MiB
2026/10/02 17:42:42.341, 2, 49, 1328 MHz, 41.44 W, 95 %, 389 MiB
2026/10/02 17:42:43.344, 0, 40, 1328 MHz, 37.46 W, 96 %, 389 MiB
2026/10/02 17:42:43.347, 1, 49, 1328 MHz, 39.35 W, 90 %, 389 MiB
2026/10/02 17:42:43.350, 2, 49, 1328 MHz, 40.49 W, 0 %, 389 MiB
2026/10/02 17:42:44.353, 0, 41, 1328 MHz, 36.53 W, 0 %, 389 MiB
2026/10/02 17:42:44.356, 1, 49, 1328 MHz, 39.37 W, 90 %, 389 MiB
2026/10/02 17:42:44.360, 2, 49, 1328 MHz, 41.67 W, 97 %, 389 MiB
2026/10/02 17:42:45.363, 0, 41, 1328 MHz, 37.46 W, 96 %, 389 MiB
2026/10/02 17:42:45.366, 1, 49, 1328 MHz, 38.19 W, 0 %, 389 MiB
2026/10/02 17:42:45.369, 2, 49, 1328 MHz, 41.88 W, 90 %, 389 MiB
2026/10/02 17:42:46.372, 0, 40, 1328 MHz, 36.51 W, 0 %, 389 MiB
2026/10/02 17:42:46.377, 1, 49, 1328 MHz, 39.12 W, 95 %, 389 MiB
2026/10/02 17:42:46.380, 2, 49, 1328 MHz, 41.88 W, 90 %, 389 MiB
