alg,wire,bytes_f32,wire_bytes,blocks,e2e_med_us,e2e_p99_us,kernel_med_us,kernel_p99_us,algbw_GBps,identical,max_rel_err
a,f32,16384,16384,0,49.38,54.56,nan,nan,0.332,1,1.08e-07
b,f32,16384,16384,2,34.75,39.55,22.53,23.55,0.471,1,1.03e-07
c,f32,16384,16384,2,43.62,47.74,31.74,32.77,0.376,1,1.03e-07
d,f32,16384,16384,2,43.71,49.12,32.77,35.84,0.375,1,1.07e-07
a,f16,16384,8192,0,47.01,54.59,nan,nan,0.349,0,0.000886
b,f16,16384,8192,2,30.46,36.13,18.43,19.46,0.538,1,0.000465
c,f16,16384,8192,2,41.63,47.04,29.70,30.72,0.394,1,0.000835
d,f16,16384,8192,2,42.40,47.58,30.72,33.79,0.386,1,0.00118
a,f32,20480,20480,0,49.41,57.92,nan,nan,0.415,1,1.08e-07
b,f32,20480,20480,2,36.90,41.41,24.58,25.60,0.555,1,1.03e-07
c,f32,20480,20480,2,44.61,48.99,32.77,33.79,0.459,1,1.03e-07
d,f32,20480,20480,2,44.10,49.18,32.77,35.84,0.464,1,1.03e-07
a,f16,20480,10240,0,49.12,56.58,nan,nan,0.417,0,0.000886
b,f16,20480,10240,2,31.33,37.15,18.43,20.48,0.654,1,0.000465
c,f16,20480,10240,2,41.92,46.88,29.70,30.72,0.489,1,0.000884
d,f16,20480,10240,2,42.37,47.17,30.72,33.79,0.483,1,0.00118
a,f32,65536,65536,0,81.92,91.14,nan,nan,0.800,1,1.14e-07
b,f32,65536,65536,2,60.06,64.06,47.10,49.15,1.091,1,1.1e-07
c,f32,65536,65536,2,61.70,65.89,49.15,50.18,1.062,1,1.1e-07
d,f32,65536,65536,2,60.35,64.32,49.15,50.18,1.086,1,1.11e-07
a,f16,65536,32768,0,71.87,83.17,nan,nan,0.912,0,0.000886
b,f16,65536,32768,2,43.55,48.67,31.74,31.74,1.505,1,0.000474
c,f16,65536,32768,2,50.21,55.01,36.86,38.91,1.305,1,0.00085
d,f16,65536,32768,2,49.57,54.37,37.89,39.94,1.322,1,0.00124
a,f32,131072,131072,0,141.31,145.57,nan,nan,0.928,1,1.14e-07
b,f32,131072,131072,2,98.78,102.98,86.02,88.06,1.327,1,1.11e-07
c,f32,131072,131072,2,90.14,94.24,76.80,78.85,1.454,1,1.11e-07
d,f32,131072,131072,2,87.58,91.78,75.78,78.85,1.497,1,1.14e-07
a,f16,131072,65536,0,97.54,105.79,nan,nan,1.344,0,0.0009
b,f16,131072,65536,2,61.38,66.62,49.15,50.18,2.136,1,0.000474
c,f16,131072,65536,2,62.94,66.94,50.18,51.20,2.082,1,0.000884
d,f16,131072,65536,2,61.86,65.95,50.18,52.22,2.119,1,0.00119
a,f32,262144,262144,0,239.87,256.54,nan,nan,1.093,1,1.18e-07
b,f32,262144,262144,2,171.94,177.34,159.74,162.82,1.525,1,1.14e-07
c,f32,262144,262144,2,152.19,156.06,139.26,143.36,1.722,1,1.14e-07
d,f32,262144,262144,2,144.13,148.45,133.12,135.17,1.819,1,1.13e-07
a,f16,262144,131072,0,141.57,153.86,nan,nan,1.852,0,0.000921
b,f16,262144,131072,2,106.46,110.53,94.21,96.26,2.462,1,0.00048
c,f16,262144,131072,2,98.05,101.66,84.99,88.06,2.674,1,0.000929
d,f16,262144,131072,2,95.78,99.68,84.99,86.02,2.737,1,0.00133
a,f32,4194304,4194304,0,3301.60,3318.75,nan,nan,1.270,1,1.18e-07
b,f32,4194304,4194304,2,2530.27,2547.46,2519.04,2536.45,1.658,1,1.19e-07
c,f32,4194304,4194304,2,1983.97,2006.75,1971.20,1992.70,2.114,1,1.19e-07
d,f32,4194304,4194304,2,1794.94,1807.26,1783.81,1796.10,2.337,1,1.18e-07
a,f16,4194304,2097152,0,1735.94,1750.27,nan,nan,2.416,0,0.000946
b,f16,4194304,2097152,8,1413.63,1421.89,1401.86,1411.07,2.967,1,0.000484
c,f16,4194304,2097152,2,1126.02,1136.90,1114.11,1124.35,3.725,1,0.000946
d,f16,4194304,2097152,2,1009.86,1018.69,998.40,1007.62,4.153,1,0.00134
a,f32,20971520,20971520,0,16360.70,16438.30,nan,nan,1.282,1,1.19e-07
b,f32,20971520,20971520,2,12866.75,13032.45,12855.30,13020.16,1.630,1,1.19e-07
c,f32,20971520,20971520,2,9672.06,9906.02,9660.42,9892.86,2.168,1,1.19e-07
d,f32,20971520,20971520,2,8835.36,8871.84,8823.81,8859.65,2.374,1,1.19e-07
a,f16,20971520,10485760,0,8526.08,8554.24,nan,nan,2.460,0,0.000956
b,f16,20971520,10485760,16,6818.69,6842.69,6807.55,6830.08,3.076,1,0.000486
c,f16,20971520,10485760,2,5537.31,5603.74,5525.50,5592.06,3.787,1,0.000953
d,f16,20971520,10485760,2,5033.98,5099.20,5022.72,5088.26,4.166,1,0.00141
a,f32,41943040,41943040,0,32677.86,32826.47,nan,nan,1.284,1,1.19e-07
b,f32,41943040,41943040,8,25876.93,25956.42,25866.24,25945.09,1.621,1,1.19e-07
c,f32,41943040,41943040,2,19742.62,19976.38,19730.43,19963.90,2.124,1,1.19e-07
d,f32,41943040,41943040,2,18045.47,18230.78,18033.66,18219.01,2.324,1,1.19e-07
a,f16,41943040,20971520,0,16998.78,17088.51,nan,nan,2.467,0,0.000956
b,f16,41943040,20971520,16,13591.74,13633.38,13578.24,13620.22,3.086,1,0.000487
c,f16,41943040,20971520,2,11090.72,11129.34,11078.66,11117.57,3.782,1,0.000953
d,f16,41943040,20971520,2,10072.74,10227.84,10061.82,10216.45,4.164,1,0.00141
# max_rel_err = max over elements and GPUs of |out - double sum| / (|x0|+|x1|+|x2|)
# algbw = f32 vector bytes / e2e median. blocks = best of {2,4,8,16,28,56} by a short pre-run (b-d)
